Title,Status
Joseph Schäffler,404
August Straub (Schriftsteller),404
Arno Scheffler,404
Cody Veith,404
Kunstsalon Wolfsberg,404
Johannes Kiesel,404
Hermann Dietz (Mediziner),404
Harald Stark,404
Alexander Weinmann,404
Thorsten Dietz,404
Scarlett Seeboldt,404
"August Straub (Politiker, 1812)",404
Zürcher Arbeitsgruppe für Städtebau,404
Philipp Dietz,404
Otto Regenbogen (Tiermediziner),404
Beate Schnitter,404
August von Schoeler,404
Eduarda Schnitzer,404
Andreas Kißling,404
Marianne Thalmann,404
Regierung Schottenstein,404
Renate Stark-Voit,404
Alexander Keese,404
Dominikus Stark,404
Angelika Storrer,404
Sönke Schnitzer,404
Manfred Tietz,404
Pascal Klewer,404
Erich Dietz (Künstler),404
Harald Kiesel,404
Uwe Scheffler,404
Wilhelm Wernicke,404
Otto C. Straub,404
Gottlieb Kiessling,404
Karl Dietz (Mediziner),404
Abraham Starck,404
Jürgen Bernd von Ramin,404
Anna Maria Kees,404
Curt Dietz (Geologe),404
Günter Dallmann,404
Lukas T. Sperber,404
Andreas Schreiner (Schiedsrichter),404
Karl von Scheffler,404
Helmut A. Müller (Akustiker),404
Max Hartmann (Politiker),404
Gymnasium Marienwerder,404
Thomas Wunderlich (Kapitän),404
Joseph Peter Weinmann,404
Hans-Ulrich Dallmann,404
Jan Schiffers,404
Gerhard Starke,404
Augustin Stark,404
Johann Tobias Kießling,404
Erich Wernicke (Mediziner),404
George Wilhelm von Sydow,404
Christoph Stark (Politiker),404
Milena Straube,404
Christian Philipp Koehler,404
Peter Wernicke,404
"Ferdinand von Stülpnagel (General, 1781)",404
Johann Christoph Funck,404
Richard Starcke,404
Maximilian Jagielski (Verleger),404
Jakob Veith,404
Nikolaus Müller-Schöll,404
Jutta Keeß,404
Georg Veith (Maschinenbauingenieur),404
Michael Dietz (Journalist),404
Johann Karl Spener,404
Reinhard Müller (Komponist),404
Josef August Stark,404
Schweizerhaus (Cuxhaven),404
Hermann-Michael Hahn,404
Ingo Scheuermann,404
Vroni Straub-Müller,404
Holger Kiesel,404
"Josef Böhm (Kirchenmusiker, 1841)",404
Christine Wernicke,404
Esteplatz-Viertel,404
Hans Straub (Bauingenieur),404
Bernhard Schnetzer,404
Heinrich August Schoeller (Industrieller),404
Dagmar Mettler,404
Heinrich Stark (Jurist),404
Emil Wilhelm Stark,404
Wolfram Starke (Fußballspieler),404
Catherine Kern,404
Carl von Massow,404
Eduard Ichon (Unternehmer),404
August von Weber,404
Paul Scheffler,404
Carsten Stark,404
Julius Wernicke,404
Margarete Tietz,404
Franz Scheubel,404
Hans Stark (Politiker),404
Georg Sperber (Förster),404
Lukas Schweighofer (Moderator),404
Milva Stark,404
August Weber (General),404
Kurt Broschek,404
Otto Zykan,404
Georg Ilsung,404
Werner Tietz,404
Günther Stark (Intendant),404
"Julius Hübner (Maler, 1841)",404
Johann Christian Friedrich Dietz,404
Hans-Ulrich Schnitzler,404
Andreas Schreiner (Autor),404
Ursula Klenk,404
Händel-Förderpreis der Stadt Halle,404
Monika Leisch-Kiesl,404
Hermann von Stülpnagel,404
Walter Gyssling,404
Paul Kießling,404
Villa Weinmann,404
Schnitzler (österreichische Familie),404
Sina Kießling,404
Jan Schiffer (Politiker),404
"Franz Fischer (Bildhauer, 1900)",404
August Wernecke,404
Nikolaus Müller-Lantzsch,404
Gerhard Schiffner,404
Horst Wernecke,404
Friedrich von Starck,404
Bernhard Dietz,404
Roland Stark,404
Sebastian Gottfried Starcke,404
Ruth Kisch-Arndt,404
Ipke Starke,404
Carl Schreiner (Schauspieler),404
Ingeborg Schiffner,404
Gabriel Rosenbach,404
"Stefan Körner (Politiker, 1977)",404
Michaela Kis,404
Karl Bernhard von Stülpnagel,404
Willy Schweighöfer,404
Johann Ludwig von Scheffler,404
Peter Schreiner (Erziehungswissenschaftler),404
Dieter Wernecke,404
Albrecht Mayer (Maler),404
Karl Straub (Schriftsteller),404
Thilde Dietz,404
August Weygang,404
Kennedybrücke und Sturmflutsperrwerk,404
Fayence-Kachelofen (Isny im Allgäu),404
Kilian Stark,404
Edmund Stark,404
Wolfgang Schöller,404
"Philipp Wilhelm von Schoeller (Industrieller, 1797)",404
Postamt (Penzberg),404
Peter Schnitzler,404
Silvia Thalmann-Gut,404
Hans Schreiner (Maler),404
Alexander Schiffler,404
Robert Schiffer,404
Alexander Wernicke,404
Heike Zinsmeister,404
Lucas Lichtenhan,404
Ernst Ulrich Scheffler,404
Heinrich Schiffner,404
Friedrich Wernicke (Bergingenieur),404
Johann Schreiner (Biologe),404
Mathis Wernecke,404
Roswitha Staege,404
Bernd F. Straub,404
"Josef Böhm (Politiker, 1887)",404
Joseph Wendolin Straub,404
Marco Justus Schöler,404
Reinhard Schiffers,404
Hans-Martin Weinmann,404
Münchner Straße 1 (Bad Kissingen),404
Johann Heinrich Starcke,404
Uli Veith,404
Karl von Veith,404
Johann Friedrich von Stülpnagel,404
Lilly von Mallinckrodt-Schnitzler,404
Alexander Starck,404
Fritz Starck,404
Uwe Schöler,404
Bernd Kießling,404
Franz Werneke,404
Andy Brings,404
"Friedrich Schulze (Politiker, 1888)",404
Laufbahnbefähigung,404
"Rolf Keller (Architekt, 1930)",404
Turi Weinmann,404
Johann Weinmann (Theologe),404
Thomas Heinrich Stark,404
Peter Schäfer (Fußballspieler),404
Felix Kiessling,404
Christian August Friedrich Köhler,404
Sanatorium Löw,404
Hans Kießling (Täufer),404
Otto Stark (Kabarettist),404
Albert Dietz (Architekt),404
Karl Rinck von Starck,404
Wettbewerb «Gross-Zürich»,404
Pierre W. Feit,404
Heribert Dietz,404
Marianne Riedel-Weber,404
Otto von Ramin (Politiker),404
Michael Dietz (Politiker),404
Christian Schiffer (Journalist),404
Jürgen Straub (Psychologe),404
Schoeller Textil (Deutschland),404
Schweizerhaus (Alexisbad),404
Walter Torbrügge,404
Agnes Susanne Scheurmann,404
Karl-Heinz Tietz,404
Manfred P. Straube,404
Günter Wirth (Publizist),404
Jutta Schnitzer-Ungefug,404
"August Weber (Politiker, 1829)",404
Joachim K. M. Fait,404
Lea Schreiner,404
Franz Michael Veith,404
Adele von Stark,404
Weygang-Museum,404
Ursula Kissel,404
Starke & Kammerer,404
Isabella Straub (Autorin),404
Johann Caspar Rahn,404
Christoph Straub,404
Werner Schiffner,404
Elfriede Dallmann,404
Matthias von Wolzogen auf Missingdorf,404
Ernst Kissling,404
Werner Kießling (Verbandsfunktionär),404
Karolin Kroiß,404
Arnold Bormann,404
Lilian Schiffer,404
Christian Friedrich von Ramin,404
Catia Werneck,404
Erich Wernicke (Lehrer),404
Rolf Dietz (Fußballspieler),404
Johann Martin Starck,404
Fisch & Fang,404
Hellmuth Müller (Kriminalbeamter),404
Johann Heinrich Funck,404
Jürgen Kießling,404
Arno Straube,404
Jakob Schilling,404
Horst Scheffler (Geologe),404
Heinrich August Schoeller (Papierfabrikant),404
Schweiz ohne Armee? Ein Palaver,404
Franz Clemens Schiffer,404
Kloster Bernstein (Sulz am Neckar),404
Rolf Dietz (Rechtswissenschaftler),404
Christian Schiffer (Comedian),404
Nikolaus Straub,404
Philipp Schöller (Politiker),404
Simone Burel,404
Siegfried Scheffler (Musiker),404
Wolfgang Dallmann,404
Carl Maria Kiesel,404
Hamburger Allgemeine Zeitung,404
Ernst Kiesling,404
John Julia Scheffler,404
Deutsche Allgemeine Zeitung (1843–1879),404
Karl Schreiner (Politiker),404
"August Weber (Politiker, 1875)",404
Waltraud Schiffer,404
Pierre Dietz,404
Stefan Kießling (Organist),404
Christian Dietz (Basketballspieler),404
Hamburger Freie Presse,404
Gerd Starke,404
Franz Kießling (Lyriker),404
Johannes Straube,404
Johann Peter Ernst von Scheffler,404
Benedikt Schnitzler,404
"Leopold Schoeller (Unternehmer, 1830)",404
Götz Schweighöfer,404
Antoinette Woodville-Schnitzler,404
Jakob Kees,404
Friedrich Müller-Starke,404
"Friedrich Schulze (Politiker, 1896)",404
Carl Gotthelf Praetorius,404
Hans Thalmann (Politiker),404
Bahnstrecke Freital Ost–Possendorf,404
Etzel Gysling,404
Andreas Feith,404
Thilo Dahlmann,404
"Josef Böhm (Kirchenmusiker, 1875)",404
Moritz von Schreiner,404
